,layer,variable,definition,direction,OR_mle,rank_biserial,firth_fdr_q,trigger_condition,trigger_pct,existing_code_gap,antecedents_str,confidence,lift_vs_baseline,conditions_detail,conf_diff
L1-01,1,Attr26,Attr26,risk-reducing,0.6286,0.2962,7.055245276887945e-12,<= 0.0234,bottom 33%,Not mapped to existing code,Attr26,,,,
L1-02,1,Attr16,Attr16,risk-reducing,0.6304,0.2961,2.7721158701865527e-11,<= 0.0267,bottom 33%,Not mapped to existing code,Attr16,,,,
L1-03,1,total_liabilities_to_assets,total_liabilities_to_assets,risk-increasing,1.3683,-0.1877,0.0,>= 0.7538,top 33%,Not mapped to existing code,total_liabilities_to_assets,,,,
L1-04,1,Attr51,Attr51,risk-increasing,1.3658,-0.1771,0.0,>= 0.6094,top 33%,Not mapped to existing code,Attr51,,,,
L1-05,1,Attr35,Attr35,risk-reducing,0.6461,0.2722,0.0,<= 0.0000,bottom 33%,Not mapped to existing code,Attr35,,,,
L1-06,1,Attr22,Attr22,risk-reducing,0.6879,0.2251,0.0,<= 0.0000,bottom 33%,Not mapped to existing code,Attr22,,,,
L1-07,1,Attr14,Attr14,risk-reducing,0.6944,0.2506,0.0,<= -0.0097,bottom 33%,Not mapped to existing code,Attr14,,,,
L1-08,1,ebit_to_assets,ebit_to_assets,risk-reducing,0.6944,0.2506,0.0,<= -0.0097,bottom 33%,Not mapped to existing code,ebit_to_assets,,,,
L1-09,1,Attr18,Attr18,risk-reducing,0.6944,0.2506,0.0,<= -0.0097,bottom 33%,Not mapped to existing code,Attr18,,,,
L1-10,1,net_profit_to_assets,net_profit_to_assets,risk-reducing,0.7016,0.2477,0.0,<= -0.0110,bottom 33%,Not mapped to existing code,net_profit_to_assets,,,,
L1-11,1,Attr62,Attr62,risk-increasing,1.2937,-0.185,0.0,>= 127.3300,top 33%,Not mapped to existing code,Attr62,,,,
L1-12,1,working_capital_to_assets,Attr3  — working capital / total assets,risk-reducing,0.7089,0.1966,0.0,<= -0.0233,bottom 33%,D07/D08,working_capital_to_assets,,,,
L1-13,1,Attr11,Attr11,risk-reducing,0.7092,0.2265,0.0,<= 0.0035,bottom 33%,Not mapped to existing code,Attr11,,,,
L1-14,1,Attr38,Attr38,risk-reducing,0.7095,0.2042,0.0,<= 0.3404,bottom 33%,Not mapped to existing code,Attr38,,,,
L1-15,1,Attr13,Attr13,risk-reducing,0.7095,0.2822,0.0,<= 0.0101,bottom 33%,Not mapped to existing code,Attr13,,,,
L1-16,1,Attr39,Attr39,risk-reducing,0.7098,0.2707,0.0,<= 0.0000,bottom 33%,Not mapped to existing code,Attr39,,,,
L1-17,1,Attr25,equity / total assets (alt),risk-reducing,0.7248,0.2313,0.0,<= 0.0905,bottom 33%,D03,Attr25,,,,
L1-18,1,equity_to_assets,equity_to_assets,risk-reducing,0.73,0.1866,0.0,<= 0.2278,bottom 33%,Not mapped to existing code,equity_to_assets,,,,
L1-19,1,Attr24,gross profit (3-year avg) / total assets,risk-reducing,0.7329,0.2714,0.0,<= -0.0017,bottom 33%,D07,Attr24,,,,
L1-20,1,Attr32,Attr32,risk-increasing,1.2652,-0.1718,0.0,>= 131.7122,top 33%,Not mapped to existing code,Attr32,,,,
L1-21,1,Attr42,Attr42,risk-reducing,0.7352,0.2171,0.0,<= 0.0000,bottom 33%,Not mapped to existing code,Attr42,,,,
L1-22,1,Attr19,Attr19,risk-reducing,0.738,0.2545,0.0,<= -0.0053,bottom 33%,Not mapped to existing code,Attr19,,,,
L1-23,1,Attr23,Attr23,risk-reducing,0.7444,0.2507,0.0,<= -0.0060,bottom 33%,Not mapped to existing code,Attr23,,,,
L1-24,1,Attr48,Attr48,risk-reducing,0.7506,0.1787,0.0,<= -0.0378,bottom 33%,Not mapped to existing code,Attr48,,,,
L1-25,1,Attr31,Attr31,risk-reducing,0.762,0.2307,0.0,<= -0.0004,bottom 33%,Not mapped to existing code,Attr31,,,,
L1-26,1,Attr30,total liabilities / cash,risk-increasing,1.2331,-0.1653,0.0,>= 0.4222,top 33%,D02/D04,Attr30,,,,
L1-27,1,Attr49,Attr49,risk-reducing,0.7684,0.1709,0.0,<= -0.0225,bottom 33%,Not mapped to existing code,Attr49,,,,
L1-28,1,Attr12,gross profit / short-term liabilities,risk-reducing,0.7687,0.2507,2.9159829567805846e-09,<= -0.0183,bottom 33%,D02,Attr12,,,,
L1-29,1,Attr55,profit on operating activities (×1000) / short-term liabilities,risk-reducing,0.7743,0.217,7.055245276887945e-12,<= -66.5770,bottom 33%,D07/D04,Attr55,,,,
L1-30,1,Attr41,short-term liabilities / total assets,risk-reducing,0.7762,0.1672,9.179172699713688e-11,<= 0.0688,bottom 33%,D03,Attr41,,,,
L1-31,1,Attr52,Attr52,risk-increasing,1.2049,-0.1318,0.0,>= 0.3585,top 33%,Not mapped to existing code,Attr52,,,,
L1-32,1,retained_earnings_to_assets,Attr6  — retained earnings / total assets,risk-reducing,0.8055,0.1803,0.0,<= -0.0011,bottom 33%,D07,retained_earnings_to_assets,,,,
L1-33,1,Attr63,Attr63,risk-reducing,0.8314,0.1851,5.233325354022814e-06,<= 2.8392,bottom 33%,Not mapped to existing code,Attr63,,,,
L1-34,1,Attr56,net profit / total assets - ROA,risk-reducing,0.8341,0.1283,5.447891600206569e-11,<= 0.0007,bottom 33%,D07,Attr56,,,,
L1-35,1,Attr29,log(total assets),risk-reducing,0.8421,0.0824,4.2241402010243775e-09,<= 3.5504,bottom 33%,D06,Attr29,,,,
L1-36,1,Attr45,profit on sales / sales,risk-reducing,0.8705,0.2024,0.0025907666915896,<= -0.0009,bottom 33%,D07,Attr45,,,,
L1-37,1,Attr21,sales (t) / sales (t-1),risk-reducing,0.8728,0.0794,2.7229081804993863e-05,<= 0.9610,bottom 33%,D01,Attr21,,,,
L1-38,1,Attr46,Attr46,risk-reducing,0.8766,0.2992,0.0025907666915896,<= 0.5271,bottom 33%,Not mapped to existing code,Attr46,,,,
L1-39,1,cash_to_current_liabilities,Attr5  — cash / current liabilities,risk-reducing,0.8871,0.1589,3.199854817254494e-05,<= -59.6780,bottom 33%,D02,cash_to_current_liabilities,,,,
L1-40,1,Attr58,total costs / total sales,risk-increasing,1.1079,-0.0701,0.0005087539475594,>= 0.9990,top 33%,D01,Attr58,,,,
L1-41,1,Attr53,Attr53,risk-reducing,0.8985,0.1803,0.0075134293533296,<= 0.5815,bottom 33%,Not mapped to existing code,Attr53,,,,
L1-42,1,Attr54,Attr54,risk-reducing,0.899,0.2014,0.0076168725706812,<= 0.8533,bottom 33%,Not mapped to existing code,Attr54,,,,
L1-43,1,Attr28,Attr28,risk-reducing,0.9044,0.1894,0.0099386766817958,<= -0.0384,bottom 33%,Not mapped to existing code,Attr28,,,,
L1-44,1,Attr50,Attr50,risk-reducing,0.9058,0.1834,0.0118024189451603,<= 0.7433,bottom 33%,Not mapped to existing code,Attr50,,,,
L1-45,1,current_assets_to_short_liabilities,current_assets_to_short_liabilities,risk-reducing,0.9061,0.1985,0.01150019088434,<= 0.9569,bottom 33%,Not mapped to existing code,current_assets_to_short_liabilities,,,,
L1-46,1,Attr57,total assets / current liabilities,risk-reducing,0.9128,0.0979,0.0016035659285261,<= 0.0042,bottom 33%,D02,Attr57,,,,
L1-47,1,Attr33,Attr33,risk-reducing,0.9131,0.1268,0.0099386766817958,<= 2.7788,bottom 33%,Not mapped to existing code,Attr33,,,,
L1-48,1,book_value_equity_to_liabilities,book_value_equity_to_liabilities,risk-reducing,0.9274,0.1887,0.0474445123651655,<= 0.3057,bottom 33%,Not mapped to existing code,book_value_equity_to_liabilities,,,,
L1-49,1,Attr17,Attr17,risk-reducing,0.9284,0.1881,0.0485645594580316,<= 1.3264,bottom 33%,Not mapped to existing code,Attr17,,,,
L1-50,1,Attr47,(current assets - short-term liabilities) / (current assets - inventory - short-term liabilities),risk-reducing,0.9376,0.0546,0.0474445123651655,<= 21.9689,bottom 33%,D02,Attr47,,,,
L2-01,2,,,,,,,,,,Attr55=LOW & Attr58=HIGH,0.9419,11.2946,Attr55 <= -66.5770 AND Attr58 >= 0.9990,0.1061
L2-02,2,,,,,,,,,,Attr55=LOW & Attr58=HIGH & working_capital_to_assets=LOW,0.9402,11.2738,Attr55 <= -66.5770 AND Attr58 >= 0.9990 AND working_capital_to_assets <= -0.0233,0.1006
L2-03,2,,,,,,,,,,Attr24=LOW & cash_to_current_liabilities=LOW & working_capital_to_assets=LOW,0.9278,11.1255,Attr24 <= -0.0017 AND cash_to_current_liabilities <= -59.6780 AND working_capital_to_assets <= -0.0233,0.1456
L2-04,2,,,,,,,,,,Attr24=LOW & Attr55=LOW & cash_to_current_liabilities=LOW,0.9271,11.1165,Attr24 <= -0.0017 AND Attr55 <= -66.5770 AND cash_to_current_liabilities <= -59.6780,0.1463
L2-05,2,,,,,,,,,,Attr58=HIGH & retained_earnings_to_assets=LOW,0.9261,11.1051,Attr58 >= 0.9990 AND retained_earnings_to_assets <= -0.0011,0.1072
L2-06,2,,,,,,,,,,Attr24=LOW & Attr55=LOW,0.9239,11.0785,Attr24 <= -0.0017 AND Attr55 <= -66.5770,0.1462
L2-07,2,,,,,,,,,,Attr24=LOW & Attr55=LOW & working_capital_to_assets=LOW,0.9216,11.0504,Attr24 <= -0.0017 AND Attr55 <= -66.5770 AND working_capital_to_assets <= -0.0233,0.1411
L2-08,2,,,,,,,,,,Attr24=LOW & cash_to_current_liabilities=LOW,0.9213,11.0469,Attr24 <= -0.0017 AND cash_to_current_liabilities <= -59.6780,0.1495
L2-09,2,,,,,,,,,,Attr24=LOW & working_capital_to_assets=LOW,0.9206,11.0392,Attr24 <= -0.0017 AND working_capital_to_assets <= -0.0233,0.1389
L2-10,2,,,,,,,,,,Attr58=HIGH,0.9203,11.035,Attr58 >= 0.9990,0.1173
L2-11,2,,,,,,,,,,Attr45=LOW & Attr55=LOW,0.9138,10.9571,Attr45 <= -0.0009 AND Attr55 <= -66.5770,0.1035
L2-12,2,,,,,,,,,,Attr41=LOW & Attr45=LOW & Attr56=LOW,0.9132,10.9495,Attr41 <= 0.0688 AND Attr45 <= -0.0009 AND Attr56 <= 0.0007,0.1065
L2-13,2,,,,,,,,,,Attr24=LOW & Attr30=HIGH & cash_to_current_liabilities=LOW,0.9116,10.9304,Attr24 <= -0.0017 AND Attr30 >= 0.4222 AND cash_to_current_liabilities <= -59.6780,0.1181
L2-14,2,,,,,,,,,,Attr24=LOW & Attr30=HIGH,0.9079,10.886,Attr24 <= -0.0017 AND Attr30 >= 0.4222,0.1169
L2-15,2,,,,,,,,,,Attr45=LOW & working_capital_to_assets=LOW,0.9065,10.8699,Attr45 <= -0.0009 AND working_capital_to_assets <= -0.0233,0.1309
L2-16,2,,,,,,,,,,Attr45=LOW & Attr56=LOW & Attr58=HIGH,0.9052,10.8543,Attr45 <= -0.0009 AND Attr56 <= 0.0007 AND Attr58 >= 0.9990,0.1328
L2-17,2,,,,,,,,,,Attr12=LOW & Attr45=LOW & Attr56=LOW,0.9052,10.854,Attr12 <= -0.0183 AND Attr45 <= -0.0009 AND Attr56 <= 0.0007,0.1224
L2-18,2,,,,,,,,,,Attr24=LOW & retained_earnings_to_assets=LOW,0.9047,10.8475,Attr24 <= -0.0017 AND retained_earnings_to_assets <= -0.0011,0.1765
L2-19,2,,,,,,,,,,Attr24=LOW,0.9044,10.8444,Attr24 <= -0.0017,0.1512
L2-20,2,,,,,,,,,,Attr12=LOW & Attr25=LOW & Attr58=HIGH,0.9035,10.8342,Attr12 <= -0.0183 AND Attr25 <= 0.0905 AND Attr58 >= 0.9990,0.1726
L2-21,2,,,,,,,,,,Attr12=LOW & Attr56=LOW & Attr58=HIGH,0.9025,10.8222,Attr12 <= -0.0183 AND Attr56 <= 0.0007 AND Attr58 >= 0.9990,0.1206
L2-22,2,,,,,,,,,,Attr24=LOW & Attr25=LOW,0.9018,10.8129,Attr24 <= -0.0017 AND Attr25 <= 0.0905,0.1257
L2-23,2,,,,,,,,,,Attr12=LOW & Attr29=LOW,0.9007,10.8,Attr12 <= -0.0183 AND Attr29 <= 3.5504,0.1663
L2-24,2,,,,,,,,,,Attr12=LOW & Attr56=LOW,0.8994,10.7845,Attr12 <= -0.0183 AND Attr56 <= 0.0007,0.1179
L2-25,2,,,,,,,,,,Attr45=LOW & Attr56=LOW,0.8993,10.7837,Attr45 <= -0.0009 AND Attr56 <= 0.0007,0.1292
L2-26,2,,,,,,,,,,Attr58=HIGH & working_capital_to_assets=LOW,0.8956,10.7386,Attr58 >= 0.9990 AND working_capital_to_assets <= -0.0233,0.1103
L2-27,2,,,,,,,,,,Attr21=LOW & Attr41=LOW,0.8949,10.7308,Attr21 <= 0.9610 AND Attr41 <= 0.0688,0.1563
L2-28,2,,,,,,,,,,Attr12=LOW & Attr45=LOW & Attr58=HIGH,0.8933,10.7118,Attr12 <= -0.0183 AND Attr45 <= -0.0009 AND Attr58 >= 0.9990,0.1208
L2-29,2,,,,,,,,,,Attr24=LOW & Attr25=LOW & retained_earnings_to_assets=LOW,0.8932,10.7103,Attr24 <= -0.0017 AND Attr25 <= 0.0905 AND retained_earnings_to_assets <= -0.0011,0.1492
L2-30,2,,,,,,,,,,Attr12=LOW & Attr30=HIGH & Attr58=HIGH,0.893,10.7075,Attr12 <= -0.0183 AND Attr30 >= 0.4222 AND Attr58 >= 0.9990,0.1919
L2-31,2,,,,,,,,,,Attr56=LOW & Attr58=HIGH & retained_earnings_to_assets=LOW,0.8926,10.7035,Attr56 <= 0.0007 AND Attr58 >= 0.9990 AND retained_earnings_to_assets <= -0.0011,0.1557
L2-32,2,,,,,,,,,,Attr12=LOW & Attr58=HIGH,0.8898,10.669,Attr12 <= -0.0183 AND Attr58 >= 0.9990,0.1182
L2-33,2,,,,,,,,,,Attr45=LOW & Attr58=HIGH,0.8896,10.6673,Attr45 <= -0.0009 AND Attr58 >= 0.9990,0.1359
L2-34,2,,,,,,,,,,Attr41=LOW & Attr56=LOW & Attr58=HIGH,0.8894,10.6648,Attr41 <= 0.0688 AND Attr56 <= 0.0007 AND Attr58 >= 0.9990,0.1036
L2-35,2,,,,,,,,,,Attr12=LOW & Attr58=HIGH & working_capital_to_assets=LOW,0.8893,10.663,Attr12 <= -0.0183 AND Attr58 >= 0.9990 AND working_capital_to_assets <= -0.0233,0.1918
L2-36,2,,,,,,,,,,Attr45=LOW & cash_to_current_liabilities=LOW,0.8889,10.6585,Attr45 <= -0.0009 AND cash_to_current_liabilities <= -59.6780,0.1266
L2-37,2,,,,,,,,,,Attr58=HIGH & cash_to_current_liabilities=LOW,0.8878,10.6453,Attr58 >= 0.9990 AND cash_to_current_liabilities <= -59.6780,0.1208
L2-38,2,,,,,,,,,,Attr12=LOW & Attr58=HIGH & retained_earnings_to_assets=LOW,0.8876,10.6432,Attr12 <= -0.0183 AND Attr58 >= 0.9990 AND retained_earnings_to_assets <= -0.0011,0.1492
L2-39,2,,,,,,,,,,Attr24=LOW & Attr58=HIGH & retained_earnings_to_assets=LOW,0.8869,10.6341,Attr24 <= -0.0017 AND Attr58 >= 0.9990 AND retained_earnings_to_assets <= -0.0011,0.1848
L2-40,2,,,,,,,,,,Attr45=LOW & Attr58=HIGH & retained_earnings_to_assets=LOW,0.8842,10.6028,Attr45 <= -0.0009 AND Attr58 >= 0.9990 AND retained_earnings_to_assets <= -0.0011,0.1761
L2-41,2,,,,,,,,,,Attr24=LOW & Attr56=LOW & Attr58=HIGH,0.8832,10.59,Attr24 <= -0.0017 AND Attr56 <= 0.0007 AND Attr58 >= 0.9990,0.1435
L2-42,2,,,,,,,,,,Attr12=LOW & Attr56=LOW & retained_earnings_to_assets=LOW,0.8817,10.5718,Attr12 <= -0.0183 AND Attr56 <= 0.0007 AND retained_earnings_to_assets <= -0.0011,0.1041
L2-43,2,,,,,,,,,,Attr12=LOW & Attr24=LOW & Attr58=HIGH,0.8805,10.5583,Attr12 <= -0.0183 AND Attr24 <= -0.0017 AND Attr58 >= 0.9990,0.1487
L2-44,2,,,,,,,,,,Attr24=LOW & Attr45=LOW & Attr58=HIGH,0.8784,10.5329,Attr24 <= -0.0017 AND Attr45 <= -0.0009 AND Attr58 >= 0.9990,0.1716
L2-45,2,,,,,,,,,,Attr24=LOW & Attr58=HIGH,0.8769,10.515,Attr24 <= -0.0017 AND Attr58 >= 0.9990,0.1894
L2-46,2,,,,,,,,,,Attr25=LOW & Attr58=HIGH,0.8769,10.515,Attr25 <= 0.0905 AND Attr58 >= 0.9990,0.1124
L2-47,2,,,,,,,,,,Attr30=HIGH & Attr45=LOW,0.8761,10.5049,Attr30 >= 0.4222 AND Attr45 <= -0.0009,0.1189
L2-48,2,,,,,,,,,,Attr45=LOW & Attr56=LOW & retained_earnings_to_assets=LOW,0.875,10.492,Attr45 <= -0.0009 AND Attr56 <= 0.0007 AND retained_earnings_to_assets <= -0.0011,0.1194
L2-49,2,,,,,,,,,,Attr41=LOW & Attr58=HIGH,0.8747,10.4887,Attr41 <= 0.0688 AND Attr58 >= 0.9990,0.11
L2-50,2,,,,,,,,,,Attr12=LOW & Attr45=LOW,0.8706,10.4391,Attr12 <= -0.0183 AND Attr45 <= -0.0009,0.1131
L2-51,2,,,,,,,,,,Attr24=LOW & Attr56=LOW & retained_earnings_to_assets=LOW,0.8705,10.4378,Attr24 <= -0.0017 AND Attr56 <= 0.0007 AND retained_earnings_to_assets <= -0.0011,0.1451
L2-52,2,,,,,,,,,,Attr12=LOW & Attr56=LOW & Attr57=LOW,0.8693,10.4236,Attr12 <= -0.0183 AND Attr56 <= 0.0007 AND Attr57 <= 0.0042,0.132
L2-53,2,,,,,,,,,,Attr45=LOW & Attr56=LOW & Attr57=LOW,0.868,10.4079,Attr45 <= -0.0009 AND Attr56 <= 0.0007 AND Attr57 <= 0.0042,0.1441
L2-54,2,,,,,,,,,,Attr41=LOW & Attr56=LOW,0.8665,10.3903,Attr41 <= 0.0688 AND Attr56 <= 0.0007,0.1181
L2-55,2,,,,,,,,,,Attr12=LOW,0.8664,10.3884,Attr12 <= -0.0183,0.1085
L2-56,2,,,,,,,,,,Attr24=LOW & Attr45=LOW & Attr56=LOW,0.8632,10.3503,Attr24 <= -0.0017 AND Attr45 <= -0.0009 AND Attr56 <= 0.0007,0.1078
L2-57,2,,,,,,,,,,Attr12=LOW & Attr57=LOW & Attr58=HIGH,0.8626,10.343,Attr12 <= -0.0183 AND Attr57 <= 0.0042 AND Attr58 >= 0.9990,0.1371
L2-58,2,,,,,,,,,,Attr45=LOW & Attr57=LOW & Attr58=HIGH,0.8613,10.3276,Attr45 <= -0.0009 AND Attr57 <= 0.0042 AND Attr58 >= 0.9990,0.1565
L2-59,2,,,,,,,,,,Attr24=LOW & Attr56=LOW,0.859,10.3001,Attr24 <= -0.0017 AND Attr56 <= 0.0007,0.1407
L2-60,2,,,,,,,,,,Attr12=LOW & Attr21=LOW,0.8571,10.2779,Attr12 <= -0.0183 AND Attr21 <= 0.9610,0.2111
L2-61,2,,,,,,,,,,Attr12=LOW & Attr24=LOW & Attr30=HIGH,0.8567,10.2727,Attr12 <= -0.0183 AND Attr24 <= -0.0017 AND Attr30 >= 0.4222,0.2249
L2-62,2,,,,,,,,,,Attr30=HIGH & Attr58=HIGH,0.8544,10.2453,Attr30 >= 0.4222 AND Attr58 >= 0.9990,0.1258
L2-63,2,,,,,,,,,,Attr45=LOW,0.8523,10.2195,Attr45 <= -0.0009,0.1229
L2-64,2,,,,,,,,,,Attr12=LOW & Attr25=LOW,0.8492,10.1832,Attr12 <= -0.0183 AND Attr25 <= 0.0905,0.2051
L2-65,2,,,,,,,,,,Attr12=LOW & Attr24=LOW & Attr25=LOW,0.8492,10.1822,Attr12 <= -0.0183 AND Attr24 <= -0.0017 AND Attr25 <= 0.0905,0.1818
L2-66,2,,,,,,,,,,Attr12=LOW & Attr24=LOW & cash_to_current_liabilities=LOW,0.8481,10.1694,Attr12 <= -0.0183 AND Attr24 <= -0.0017 AND cash_to_current_liabilities <= -59.6780,0.2137
L2-67,2,,,,,,,,,,Attr55=LOW & Attr56=LOW,0.8469,10.1547,Attr55 <= -66.5770 AND Attr56 <= 0.0007,0.1444
L2-68,2,,,,,,,,,,Attr56=LOW,0.8452,10.1351,Attr56 <= 0.0007,0.1142
L2-69,2,,,,,,,,,,Attr12=LOW & Attr24=LOW,0.844,10.1205,Attr12 <= -0.0183 AND Attr24 <= -0.0017,0.1989
L2-70,2,,,,,,,,,,Attr12=LOW & Attr25=LOW & Attr45=LOW,0.8435,10.114,Attr12 <= -0.0183 AND Attr25 <= 0.0905 AND Attr45 <= -0.0009,0.215
L2-71,2,,,,,,,,,,Attr12=LOW & retained_earnings_to_assets=LOW,0.8434,10.1127,Attr12 <= -0.0183 AND retained_earnings_to_assets <= -0.0011,0.1984
L2-72,2,,,,,,,,,,Attr56=LOW & Attr58=HIGH,0.8425,10.1025,Attr56 <= 0.0007 AND Attr58 >= 0.9990,0.1354
L2-73,2,,,,,,,,,,Attr12=LOW & Attr30=HIGH & Attr45=LOW,0.8416,10.092,Attr12 <= -0.0183 AND Attr30 >= 0.4222 AND Attr45 <= -0.0009,0.2642
L2-74,2,,,,,,,,,,Attr12=LOW & Attr45=LOW & retained_earnings_to_assets=LOW,0.841,10.0839,Attr12 <= -0.0183 AND Attr45 <= -0.0009 AND retained_earnings_to_assets <= -0.0011,0.2101
L2-75,2,,,,,,,,,,Attr12=LOW & Attr30=HIGH,0.8404,10.0774,Attr12 <= -0.0183 AND Attr30 >= 0.4222,0.2498
L2-76,2,,,,,,,,,,Attr12=LOW & Attr24=LOW & Attr45=LOW,0.8398,10.0695,Attr12 <= -0.0183 AND Attr24 <= -0.0017 AND Attr45 <= -0.0009,0.2075
L2-77,2,,,,,,,,,,Attr12=LOW & Attr24=LOW & working_capital_to_assets=LOW,0.8391,10.0613,Attr12 <= -0.0183 AND Attr24 <= -0.0017 AND working_capital_to_assets <= -0.0233,0.1931
L2-78,2,,,,,,,,,,Attr12=LOW & Attr45=LOW & cash_to_current_liabilities=LOW,0.8384,10.0533,Attr12 <= -0.0183 AND Attr45 <= -0.0009 AND cash_to_current_liabilities <= -59.6780,0.2547
L2-79,2,,,,,,,,,,Attr12=LOW & cash_to_current_liabilities=LOW,0.8381,10.0491,Attr12 <= -0.0183 AND cash_to_current_liabilities <= -59.6780,0.2446
L2-80,2,,,,,,,,,,Attr12=LOW & Attr24=LOW & retained_earnings_to_assets=LOW,0.838,10.0489,Attr12 <= -0.0183 AND Attr24 <= -0.0017 AND retained_earnings_to_assets <= -0.0011,0.1853
L2-81,2,,,,,,,,,,Attr12=LOW & Attr45=LOW & Attr57=LOW,0.8364,10.0297,Attr12 <= -0.0183 AND Attr45 <= -0.0009 AND Attr57 <= 0.0042,0.1249
L2-82,2,,,,,,,,,,Attr56=LOW & Attr57=LOW & Attr58=HIGH,0.8354,10.0167,Attr56 <= 0.0007 AND Attr57 <= 0.0042 AND Attr58 >= 0.9990,0.1257
L2-83,2,,,,,,,,,,Attr56=LOW & retained_earnings_to_assets=LOW,0.8347,10.0086,Attr56 <= 0.0007 AND retained_earnings_to_assets <= -0.0011,0.1393
L2-84,2,,,,,,,,,,Attr56=LOW & working_capital_to_assets=LOW,0.8343,10.0044,Attr56 <= 0.0007 AND working_capital_to_assets <= -0.0233,0.1267
L2-85,2,,,,,,,,,,Attr24=LOW & Attr25=LOW & Attr45=LOW,0.8328,9.9861,Attr24 <= -0.0017 AND Attr25 <= 0.0905 AND Attr45 <= -0.0009,0.2016
L2-86,2,,,,,,,,,,Attr24=LOW & Attr45=LOW,0.8305,9.9581,Attr24 <= -0.0017 AND Attr45 <= -0.0009,0.2195
L2-87,2,,,,,,,,,,Attr12=LOW & Attr57=LOW,0.8301,9.9542,Attr12 <= -0.0183 AND Attr57 <= 0.0042,0.1181
L2-88,2,,,,,,,,,,Attr12=LOW & working_capital_to_assets=LOW,0.8294,9.9451,Attr12 <= -0.0183 AND working_capital_to_assets <= -0.0233,0.2256
L2-89,2,,,,,,,,,,Attr41=LOW,0.8267,9.9124,Attr41 <= 0.0688,0.2161
L2-90,2,,,,,,,,,,Attr24=LOW & Attr45=LOW & working_capital_to_assets=LOW,0.8266,9.9119,Attr24 <= -0.0017 AND Attr45 <= -0.0009 AND working_capital_to_assets <= -0.0233,0.2141
L2-91,2,,,,,,,,,,Attr12=LOW & Attr24=LOW & Attr55=LOW,0.8265,9.9101,Attr12 <= -0.0183 AND Attr24 <= -0.0017 AND Attr55 <= -66.5770,0.1982
L2-92,2,,,,,,,,,,Attr12=LOW & Attr55=LOW & working_capital_to_assets=LOW,0.825,9.8924,Attr12 <= -0.0183 AND Attr55 <= -66.5770 AND working_capital_to_assets <= -0.0233,0.2355
L2-93,2,,,,,,,,,,Attr41=LOW & Attr57=LOW,0.8249,9.8909,Attr41 <= 0.0688 AND Attr57 <= 0.0042,0.1049
L2-94,2,,,,,,,,,,Attr24=LOW & Attr45=LOW & retained_earnings_to_assets=LOW,0.8249,9.8907,Attr24 <= -0.0017 AND Attr45 <= -0.0009 AND retained_earnings_to_assets <= -0.0011,0.2086
L2-95,2,,,,,,,,,,Attr12=LOW & Attr45=LOW & working_capital_to_assets=LOW,0.8247,9.889,Attr12 <= -0.0183 AND Attr45 <= -0.0009 AND working_capital_to_assets <= -0.0233,0.2325
L2-96,2,,,,,,,,,,Attr25=LOW & Attr56=LOW,0.8235,9.8748,Attr25 <= 0.0905 AND Attr56 <= 0.0007,0.1026
L2-97,2,,,,,,,,,,Attr57=LOW & Attr58=HIGH,0.8204,9.8378,Attr57 <= 0.0042 AND Attr58 >= 0.9990,0.1347
L2-98,2,,,,,,,,,,Attr12=LOW & Attr55=LOW,0.8194,9.8254,Attr12 <= -0.0183 AND Attr55 <= -66.5770,0.2342
L2-99,2,,,,,,,,,,Attr45=LOW & retained_earnings_to_assets=LOW,0.8194,9.8249,Attr45 <= -0.0009 AND retained_earnings_to_assets <= -0.0011,0.2186
L2-100,2,,,,,,,,,,Attr12=LOW & Attr24=LOW & Attr57=LOW,0.8184,9.8135,Attr12 <= -0.0183 AND Attr24 <= -0.0017 AND Attr57 <= 0.0042,0.2057
L2-101,2,,,,,,,,,,Attr25=LOW & Attr45=LOW,0.8174,9.8015,Attr25 <= 0.0905 AND Attr45 <= -0.0009,0.2208
L2-102,2,,,,,,,,,,Attr12=LOW & Attr45=LOW & Attr55=LOW,0.8158,9.782,Attr12 <= -0.0183 AND Attr45 <= -0.0009 AND Attr55 <= -66.5770,0.2396
L2-103,2,,,,,,,,,,Attr30=HIGH & Attr56=LOW,0.8146,9.7676,Attr30 >= 0.4222 AND Attr56 <= 0.0007,0.1291
L2-104,2,,,,,,,,,,Attr45=LOW & Attr57=LOW,0.8129,9.7476,Attr45 <= -0.0009 AND Attr57 <= 0.0042,0.1326
L2-105,2,,,,,,,,,,Attr56=LOW & Attr57=LOW,0.8111,9.7259,Attr56 <= 0.0007 AND Attr57 <= 0.0042,0.1162
L2-106,2,,,,,,,,,,Attr45=LOW & Attr55=LOW & working_capital_to_assets=LOW,0.8095,9.7069,Attr45 <= -0.0009 AND Attr55 <= -66.5770 AND working_capital_to_assets <= -0.0233,0.2622
L2-107,2,,,,,,,,,,Attr24=LOW & Attr45=LOW & Attr57=LOW,0.8,9.5927,Attr24 <= -0.0017 AND Attr45 <= -0.0009 AND Attr57 <= 0.0042,0.2223
L2-108,2,,,,,,,,,,Attr29=LOW & Attr41=LOW,0.7946,9.5275,Attr29 <= 3.5504 AND Attr41 <= 0.0688,0.1609
L2-109,2,,,,,,,,,,Attr24=LOW & Attr57=LOW,0.7908,9.4818,Attr24 <= -0.0017 AND Attr57 <= 0.0042,0.2413
L2-110,2,,,,,,,,,,Attr30=HIGH & retained_earnings_to_assets=LOW,0.7843,9.4039,Attr30 >= 0.4222 AND retained_earnings_to_assets <= -0.0011,0.1395
L2-111,2,,,,,,,,,,Attr55=LOW & retained_earnings_to_assets=LOW,0.7664,9.1896,Attr55 <= -66.5770 AND retained_earnings_to_assets <= -0.0011,0.1197
L2-112,2,,,,,,,,,,Attr55=LOW & retained_earnings_to_assets=LOW & working_capital_to_assets=LOW,0.7661,9.186,Attr55 <= -66.5770 AND retained_earnings_to_assets <= -0.0011 AND working_capital_to_assets <= -0.0233,0.1175
L2-113,2,,,,,,,,,,retained_earnings_to_assets=LOW & working_capital_to_assets=LOW,0.7598,9.1103,retained_earnings_to_assets <= -0.0011 AND working_capital_to_assets <= -0.0233,0.1183
L2-114,2,,,,,,,,,,Attr30=HIGH & working_capital_to_assets=LOW,0.7526,9.0243,Attr30 >= 0.4222 AND working_capital_to_assets <= -0.0233,0.1031
L2-115,2,,,,,,,,,,Attr30=HIGH & cash_to_current_liabilities=LOW & working_capital_to_assets=LOW,0.7521,9.0185,Attr30 >= 0.4222 AND cash_to_current_liabilities <= -59.6780 AND working_capital_to_assets <= -0.0233,0.1006
