factor_id,layer,antecedents_str,consequents_str,n_conditions,conditions_detail,support,confidence,lift_vs_baseline,conf_safe,conf_diff,trigger_description
L2-01,2,Attr55=LOW & Attr58=HIGH,Attr12=LOW,2,Attr55 <= -66.5770 AND Attr58 >= 0.9990,0.2232,0.9419,11.2946,0.8358,0.1061,"Firm simultaneously satisfies: Attr55=LOW & Attr58=HIGH. Among upgrade-overridden firms meeting this condition, confidence=94.2% (vs 83.6% in safe group). Lift vs baseline = 11.3x."
L2-02,2,Attr55=LOW & Attr58=HIGH & working_capital_to_assets=LOW,Attr12=LOW,3,Attr55 <= -66.5770 AND Attr58 >= 0.9990 AND working_capital_to_assets <= -0.0233,0.2164,0.9402,11.2738,0.8396,0.1006,"Firm simultaneously satisfies: Attr55=LOW & Attr58=HIGH & working_capital_to_assets=LOW. Among upgrade-overridden firms meeting this condition, confidence=94.0% (vs 84.0% in safe group). Lift vs baseline = 11.3x."
L2-03,2,Attr24=LOW & cash_to_current_liabilities=LOW & working_capital_to_assets=LOW,Attr12=LOW,3,Attr24 <= -0.0017 AND cash_to_current_liabilities <= -59.6780 AND working_capital_to_assets <= -0.0233,0.2064,0.9278,11.1255,0.7822,0.1456,"Firm simultaneously satisfies: Attr24=LOW & cash_to_current_liabilities=LOW & working_capital_to_assets=LOW. Among upgrade-overridden firms meeting this condition, confidence=92.8% (vs 78.2% in safe group). Lift vs baseline = 11.1x."
L2-04,2,Attr24=LOW & Attr55=LOW & cash_to_current_liabilities=LOW,Attr12=LOW,3,Attr24 <= -0.0017 AND Attr55 <= -66.5770 AND cash_to_current_liabilities <= -59.6780,0.2041,0.9271,11.1165,0.7808,0.1463,"Firm simultaneously satisfies: Attr24=LOW & Attr55=LOW & cash_to_current_liabilities=LOW. Among upgrade-overridden firms meeting this condition, confidence=92.7% (vs 78.1% in safe group). Lift vs baseline = 11.1x."
L2-05,2,Attr58=HIGH & retained_earnings_to_assets=LOW,Attr12=LOW & Attr24=LOW,2,Attr58 >= 0.9990 AND retained_earnings_to_assets <= -0.0011,0.2492,0.9261,11.1051,0.819,0.1072,"Firm simultaneously satisfies: Attr58=HIGH & retained_earnings_to_assets=LOW. Among upgrade-overridden firms meeting this condition, confidence=92.6% (vs 81.9% in safe group). Lift vs baseline = 11.1x."
L2-06,2,Attr24=LOW & Attr55=LOW,Attr12=LOW,2,Attr24 <= -0.0017 AND Attr55 <= -66.5770,0.2599,0.9239,11.0785,0.7777,0.1462,"Firm simultaneously satisfies: Attr24=LOW & Attr55=LOW. Among upgrade-overridden firms meeting this condition, confidence=92.4% (vs 77.8% in safe group). Lift vs baseline = 11.1x."
L2-07,2,Attr24=LOW & Attr55=LOW & working_capital_to_assets=LOW,Attr12=LOW,3,Attr24 <= -0.0017 AND Attr55 <= -66.5770 AND working_capital_to_assets <= -0.0233,0.2515,0.9216,11.0504,0.7804,0.1411,"Firm simultaneously satisfies: Attr24=LOW & Attr55=LOW & working_capital_to_assets=LOW. Among upgrade-overridden firms meeting this condition, confidence=92.2% (vs 78.0% in safe group). Lift vs baseline = 11.1x."
L2-08,2,Attr24=LOW & cash_to_current_liabilities=LOW,Attr12=LOW,2,Attr24 <= -0.0017 AND cash_to_current_liabilities <= -59.6780,0.2416,0.9213,11.0469,0.7718,0.1495,"Firm simultaneously satisfies: Attr24=LOW & cash_to_current_liabilities=LOW. Among upgrade-overridden firms meeting this condition, confidence=92.1% (vs 77.2% in safe group). Lift vs baseline = 11.0x."
L2-09,2,Attr24=LOW & working_capital_to_assets=LOW,Attr12=LOW,2,Attr24 <= -0.0017 AND working_capital_to_assets <= -0.0233,0.2661,0.9206,11.0392,0.7818,0.1389,"Firm simultaneously satisfies: Attr24=LOW & working_capital_to_assets=LOW. Among upgrade-overridden firms meeting this condition, confidence=92.1% (vs 78.2% in safe group). Lift vs baseline = 11.0x."
L2-10,2,Attr58=HIGH,Attr12=LOW,1,Attr58 >= 0.9990,0.3884,0.9203,11.035,0.8029,0.1173,"Firm simultaneously satisfies: Attr58=HIGH. Among upgrade-overridden firms meeting this condition, confidence=92.0% (vs 80.3% in safe group). Lift vs baseline = 11.0x."
L2-11,2,Attr45=LOW & Attr55=LOW,Attr24=LOW,2,Attr45 <= -0.0009 AND Attr55 <= -66.5770,0.2431,0.9138,10.9571,0.8103,0.1035,"Firm simultaneously satisfies: Attr45=LOW & Attr55=LOW. Among upgrade-overridden firms meeting this condition, confidence=91.4% (vs 81.0% in safe group). Lift vs baseline = 11.0x."
L2-12,2,Attr41=LOW & Attr45=LOW & Attr56=LOW,Attr24=LOW,3,Attr41 <= 0.0688 AND Attr45 <= -0.0009 AND Attr56 <= 0.0007,0.2653,0.9132,10.9495,0.8067,0.1065,"Firm simultaneously satisfies: Attr41=LOW & Attr45=LOW & Attr56=LOW. Among upgrade-overridden firms meeting this condition, confidence=91.3% (vs 80.7% in safe group). Lift vs baseline = 10.9x."
L2-13,2,Attr24=LOW & Attr30=HIGH & cash_to_current_liabilities=LOW,Attr12=LOW,3,Attr24 <= -0.0017 AND Attr30 >= 0.4222 AND cash_to_current_liabilities <= -59.6780,0.2049,0.9116,10.9304,0.7934,0.1181,"Firm simultaneously satisfies: Attr24=LOW & Attr30=HIGH & cash_to_current_liabilities=LOW. Among upgrade-overridden firms meeting this condition, confidence=91.2% (vs 79.3% in safe group). Lift vs baseline = 10.9x."
L2-14,2,Attr24=LOW & Attr30=HIGH,Attr12=LOW,2,Attr24 <= -0.0017 AND Attr30 >= 0.4222,0.2561,0.9079,10.886,0.791,0.1169,"Firm simultaneously satisfies: Attr24=LOW & Attr30=HIGH. Among upgrade-overridden firms meeting this condition, confidence=90.8% (vs 79.1% in safe group). Lift vs baseline = 10.9x."
L2-15,2,Attr45=LOW & working_capital_to_assets=LOW,Attr12=LOW & Attr24=LOW,2,Attr45 <= -0.0009 AND working_capital_to_assets <= -0.0233,0.2446,0.9065,10.8699,0.7757,0.1309,"Firm simultaneously satisfies: Attr45=LOW & working_capital_to_assets=LOW. Among upgrade-overridden firms meeting this condition, confidence=90.7% (vs 77.6% in safe group). Lift vs baseline = 10.9x."
L2-16,2,Attr45=LOW & Attr56=LOW & Attr58=HIGH,Attr24=LOW,3,Attr45 <= -0.0009 AND Attr56 <= 0.0007 AND Attr58 >= 0.9990,0.292,0.9052,10.8543,0.7724,0.1328,"Firm simultaneously satisfies: Attr45=LOW & Attr56=LOW & Attr58=HIGH. Among upgrade-overridden firms meeting this condition, confidence=90.5% (vs 77.2% in safe group). Lift vs baseline = 10.9x."
L2-17,2,Attr12=LOW & Attr45=LOW & Attr56=LOW,Attr24=LOW,3,Attr12 <= -0.0183 AND Attr45 <= -0.0009 AND Attr56 <= 0.0007,0.3066,0.9052,10.854,0.7828,0.1224,"Firm simultaneously satisfies: Attr12=LOW & Attr45=LOW & Attr56=LOW. Among upgrade-overridden firms meeting this condition, confidence=90.5% (vs 78.3% in safe group). Lift vs baseline = 10.9x."
L2-18,2,Attr24=LOW & retained_earnings_to_assets=LOW,Attr12=LOW,2,Attr24 <= -0.0017 AND retained_earnings_to_assets <= -0.0011,0.2974,0.9047,10.8475,0.7282,0.1765,"Firm simultaneously satisfies: Attr24=LOW & retained_earnings_to_assets=LOW. Among upgrade-overridden firms meeting this condition, confidence=90.5% (vs 72.8% in safe group). Lift vs baseline = 10.8x."
L2-19,2,Attr24=LOW,Attr12=LOW,1,Attr24 <= -0.0017,0.4411,0.9044,10.8444,0.7532,0.1512,"Firm simultaneously satisfies: Attr24=LOW. Among upgrade-overridden firms meeting this condition, confidence=90.4% (vs 75.3% in safe group). Lift vs baseline = 10.8x."
L2-20,2,Attr12=LOW & Attr25=LOW & Attr58=HIGH,Attr41=LOW,3,Attr12 <= -0.0183 AND Attr25 <= 0.0905 AND Attr58 >= 0.9990,0.2148,0.9035,10.8342,0.731,0.1726,"Firm simultaneously satisfies: Attr12=LOW & Attr25=LOW & Attr58=HIGH. Among upgrade-overridden firms meeting this condition, confidence=90.4% (vs 73.1% in safe group). Lift vs baseline = 10.8x."
L2-21,2,Attr12=LOW & Attr56=LOW & Attr58=HIGH,Attr24=LOW,3,Attr12 <= -0.0183 AND Attr56 <= 0.0007 AND Attr58 >= 0.9990,0.3257,0.9025,10.8222,0.7819,0.1206,"Firm simultaneously satisfies: Attr12=LOW & Attr56=LOW & Attr58=HIGH. Among upgrade-overridden firms meeting this condition, confidence=90.3% (vs 78.2% in safe group). Lift vs baseline = 10.8x."
L2-22,2,Attr24=LOW & Attr25=LOW,Attr12=LOW,2,Attr24 <= -0.0017 AND Attr25 <= 0.0905,0.2737,0.9018,10.8129,0.7761,0.1257,"Firm simultaneously satisfies: Attr24=LOW & Attr25=LOW. Among upgrade-overridden firms meeting this condition, confidence=90.2% (vs 77.6% in safe group). Lift vs baseline = 10.8x."
L2-23,2,Attr12=LOW & Attr29=LOW,Attr41=LOW,2,Attr12 <= -0.0183 AND Attr29 <= 3.5504,0.2011,0.9007,10.8,0.7344,0.1663,"Firm simultaneously satisfies: Attr12=LOW & Attr29=LOW. Among upgrade-overridden firms meeting this condition, confidence=90.1% (vs 73.4% in safe group). Lift vs baseline = 10.8x."
L2-24,2,Attr12=LOW & Attr56=LOW,Attr24=LOW,2,Attr12 <= -0.0183 AND Attr56 <= 0.0007,0.3417,0.8994,10.7845,0.7815,0.1179,"Firm simultaneously satisfies: Attr12=LOW & Attr56=LOW. Among upgrade-overridden firms meeting this condition, confidence=89.9% (vs 78.1% in safe group). Lift vs baseline = 10.8x."
L2-25,2,Attr45=LOW & Attr56=LOW,Attr24=LOW,2,Attr45 <= -0.0009 AND Attr56 <= 0.0007,0.3073,0.8993,10.7837,0.7701,0.1292,"Firm simultaneously satisfies: Attr45=LOW & Attr56=LOW. Among upgrade-overridden firms meeting this condition, confidence=89.9% (vs 77.0% in safe group). Lift vs baseline = 10.8x."
L2-26,2,Attr58=HIGH & working_capital_to_assets=LOW,Attr12=LOW & Attr55=LOW,2,Attr58 >= 0.9990 AND working_capital_to_assets <= -0.0233,0.2164,0.8956,10.7386,0.7852,0.1103,"Firm simultaneously satisfies: Attr58=HIGH & working_capital_to_assets=LOW. Among upgrade-overridden firms meeting this condition, confidence=89.6% (vs 78.5% in safe group). Lift vs baseline = 10.7x."
L2-27,2,Attr21=LOW & Attr41=LOW,Attr12=LOW,2,Attr21 <= 0.9610 AND Attr41 <= 0.0688,0.2018,0.8949,10.7308,0.7386,0.1563,"Firm simultaneously satisfies: Attr21=LOW & Attr41=LOW. Among upgrade-overridden firms meeting this condition, confidence=89.5% (vs 73.9% in safe group). Lift vs baseline = 10.7x."
L2-28,2,Attr12=LOW & Attr45=LOW & Attr58=HIGH,Attr24=LOW,3,Attr12 <= -0.0183 AND Attr45 <= -0.0009 AND Attr58 >= 0.9990,0.3073,0.8933,10.7118,0.7725,0.1208,"Firm simultaneously satisfies: Attr12=LOW & Attr45=LOW & Attr58=HIGH. Among upgrade-overridden firms meeting this condition, confidence=89.3% (vs 77.3% in safe group). Lift vs baseline = 10.7x."
L2-29,2,Attr24=LOW & Attr25=LOW & retained_earnings_to_assets=LOW,Attr12=LOW,3,Attr24 <= -0.0017 AND Attr25 <= 0.0905 AND retained_earnings_to_assets <= -0.0011,0.211,0.8932,10.7103,0.7441,0.1492,"Firm simultaneously satisfies: Attr24=LOW & Attr25=LOW & retained_earnings_to_assets=LOW. Among upgrade-overridden firms meeting this condition, confidence=89.3% (vs 74.4% in safe group). Lift vs baseline = 10.7x."
L2-30,2,Attr12=LOW & Attr30=HIGH & Attr58=HIGH,Attr41=LOW,3,Attr12 <= -0.0183 AND Attr30 >= 0.4222 AND Attr58 >= 0.9990,0.2041,0.893,10.7075,0.701,0.1919,"Firm simultaneously satisfies: Attr12=LOW & Attr30=HIGH & Attr58=HIGH. Among upgrade-overridden firms meeting this condition, confidence=89.3% (vs 70.1% in safe group). Lift vs baseline = 10.7x."
L2-31,2,Attr56=LOW & Attr58=HIGH & retained_earnings_to_assets=LOW,Attr41=LOW,3,Attr56 <= 0.0007 AND Attr58 >= 0.9990 AND retained_earnings_to_assets <= -0.0011,0.2225,0.8926,10.7035,0.737,0.1557,"Firm simultaneously satisfies: Attr56=LOW & Attr58=HIGH & retained_earnings_to_assets=LOW. Among upgrade-overridden firms meeting this condition, confidence=89.3% (vs 73.7% in safe group). Lift vs baseline = 10.7x."
L2-32,2,Attr12=LOW & Attr58=HIGH,Attr24=LOW,2,Attr12 <= -0.0183 AND Attr58 >= 0.9990,0.3456,0.8898,10.669,0.7716,0.1182,"Firm simultaneously satisfies: Attr12=LOW & Attr58=HIGH. Among upgrade-overridden firms meeting this condition, confidence=89.0% (vs 77.2% in safe group). Lift vs baseline = 10.7x."
L2-33,2,Attr45=LOW & Attr58=HIGH,Attr24=LOW,2,Attr45 <= -0.0009 AND Attr58 >= 0.9990,0.3081,0.8896,10.6673,0.7537,0.1359,"Firm simultaneously satisfies: Attr45=LOW & Attr58=HIGH. Among upgrade-overridden firms meeting this condition, confidence=89.0% (vs 75.4% in safe group). Lift vs baseline = 10.7x."
L2-34,2,Attr41=LOW & Attr56=LOW & Attr58=HIGH,Attr24=LOW,3,Attr41 <= 0.0688 AND Attr56 <= 0.0007 AND Attr58 >= 0.9990,0.289,0.8894,10.6648,0.7859,0.1036,"Firm simultaneously satisfies: Attr41=LOW & Attr56=LOW & Attr58=HIGH. Among upgrade-overridden firms meeting this condition, confidence=88.9% (vs 78.6% in safe group). Lift vs baseline = 10.7x."
L2-35,2,Attr12=LOW & Attr58=HIGH & working_capital_to_assets=LOW,Attr41=LOW,3,Attr12 <= -0.0183 AND Attr58 >= 0.9990 AND working_capital_to_assets <= -0.0233,0.2026,0.8893,10.663,0.6975,0.1918,"Firm simultaneously satisfies: Attr12=LOW & Attr58=HIGH & working_capital_to_assets=LOW. Among upgrade-overridden firms meeting this condition, confidence=88.9% (vs 69.8% in safe group). Lift vs baseline = 10.7x."
L2-36,2,Attr45=LOW & cash_to_current_liabilities=LOW,Attr12=LOW & Attr24=LOW,2,Attr45 <= -0.0009 AND cash_to_current_liabilities <= -59.6780,0.2263,0.8889,10.6585,0.7623,0.1266,"Firm simultaneously satisfies: Attr45=LOW & cash_to_current_liabilities=LOW. Among upgrade-overridden firms meeting this condition, confidence=88.9% (vs 76.2% in safe group). Lift vs baseline = 10.7x."
L2-37,2,Attr58=HIGH & cash_to_current_liabilities=LOW,Attr12=LOW & Attr56=LOW,2,Attr58 >= 0.9990 AND cash_to_current_liabilities <= -59.6780,0.2057,0.8878,10.6453,0.767,0.1208,"Firm simultaneously satisfies: Attr58=HIGH & cash_to_current_liabilities=LOW. Among upgrade-overridden firms meeting this condition, confidence=88.8% (vs 76.7% in safe group). Lift vs baseline = 10.6x."
L2-38,2,Attr12=LOW & Attr58=HIGH & retained_earnings_to_assets=LOW,Attr41=LOW,3,Attr12 <= -0.0183 AND Attr58 >= 0.9990 AND retained_earnings_to_assets <= -0.0011,0.2355,0.8876,10.6432,0.7384,0.1492,"Firm simultaneously satisfies: Attr12=LOW & Attr58=HIGH & retained_earnings_to_assets=LOW. Among upgrade-overridden firms meeting this condition, confidence=88.8% (vs 73.8% in safe group). Lift vs baseline = 10.6x."
L2-39,2,Attr24=LOW & Attr58=HIGH & retained_earnings_to_assets=LOW,Attr41=LOW,3,Attr24 <= -0.0017 AND Attr58 >= 0.9990 AND retained_earnings_to_assets <= -0.0011,0.2217,0.8869,10.6341,0.7021,0.1848,"Firm simultaneously satisfies: Attr24=LOW & Attr58=HIGH & retained_earnings_to_assets=LOW. Among upgrade-overridden firms meeting this condition, confidence=88.7% (vs 70.2% in safe group). Lift vs baseline = 10.6x."
L2-40,2,Attr45=LOW & Attr58=HIGH & retained_earnings_to_assets=LOW,Attr41=LOW,3,Attr45 <= -0.0009 AND Attr58 >= 0.9990 AND retained_earnings_to_assets <= -0.0011,0.2102,0.8842,10.6028,0.7082,0.1761,"Firm simultaneously satisfies: Attr45=LOW & Attr58=HIGH & retained_earnings_to_assets=LOW. Among upgrade-overridden firms meeting this condition, confidence=88.4% (vs 70.8% in safe group). Lift vs baseline = 10.6x."
L2-41,2,Attr24=LOW & Attr56=LOW & Attr58=HIGH,Attr41=LOW,3,Attr24 <= -0.0017 AND Attr56 <= 0.0007 AND Attr58 >= 0.9990,0.289,0.8832,10.59,0.7397,0.1435,"Firm simultaneously satisfies: Attr24=LOW & Attr56=LOW & Attr58=HIGH. Among upgrade-overridden firms meeting this condition, confidence=88.3% (vs 74.0% in safe group). Lift vs baseline = 10.6x."
L2-42,2,Attr12=LOW & Attr56=LOW & retained_earnings_to_assets=LOW,Attr41=LOW,3,Attr12 <= -0.0183 AND Attr56 <= 0.0007 AND retained_earnings_to_assets <= -0.0011,0.2278,0.8817,10.5718,0.7776,0.1041,"Firm simultaneously satisfies: Attr12=LOW & Attr56=LOW & retained_earnings_to_assets=LOW. Among upgrade-overridden firms meeting this condition, confidence=88.2% (vs 77.8% in safe group). Lift vs baseline = 10.6x."
L2-43,2,Attr12=LOW & Attr24=LOW & Attr58=HIGH,Attr41=LOW,3,Attr12 <= -0.0183 AND Attr24 <= -0.0017 AND Attr58 >= 0.9990,0.3043,0.8805,10.5583,0.7318,0.1487,"Firm simultaneously satisfies: Attr12=LOW & Attr24=LOW & Attr58=HIGH. Among upgrade-overridden firms meeting this condition, confidence=88.1% (vs 73.2% in safe group). Lift vs baseline = 10.6x."
L2-44,2,Attr24=LOW & Attr45=LOW & Attr58=HIGH,Attr41=LOW,3,Attr24 <= -0.0017 AND Attr45 <= -0.0009 AND Attr58 >= 0.9990,0.2706,0.8784,10.5329,0.7068,0.1716,"Firm simultaneously satisfies: Attr24=LOW & Attr45=LOW & Attr58=HIGH. Among upgrade-overridden firms meeting this condition, confidence=87.8% (vs 70.7% in safe group). Lift vs baseline = 10.5x."
L2-45,2,Attr24=LOW & Attr58=HIGH,Attr41=LOW,2,Attr24 <= -0.0017 AND Attr58 >= 0.9990,0.305,0.8769,10.515,0.6875,0.1894,"Firm simultaneously satisfies: Attr24=LOW & Attr58=HIGH. Among upgrade-overridden firms meeting this condition, confidence=87.7% (vs 68.8% in safe group). Lift vs baseline = 10.5x."
L2-46,2,Attr25=LOW & Attr58=HIGH,Attr12=LOW & Attr56=LOW,2,Attr25 <= 0.0905 AND Attr58 >= 0.9990,0.2179,0.8769,10.515,0.7646,0.1124,"Firm simultaneously satisfies: Attr25=LOW & Attr58=HIGH. Among upgrade-overridden firms meeting this condition, confidence=87.7% (vs 76.5% in safe group). Lift vs baseline = 10.5x."
L2-47,2,Attr30=HIGH & Attr45=LOW,Attr12=LOW & Attr24=LOW,2,Attr30 >= 0.4222 AND Attr45 <= -0.0009,0.2324,0.8761,10.5049,0.7572,0.1189,"Firm simultaneously satisfies: Attr30=HIGH & Attr45=LOW. Among upgrade-overridden firms meeting this condition, confidence=87.6% (vs 75.7% in safe group). Lift vs baseline = 10.5x."
L2-48,2,Attr45=LOW & Attr56=LOW & retained_earnings_to_assets=LOW,Attr41=LOW,3,Attr45 <= -0.0009 AND Attr56 <= 0.0007 AND retained_earnings_to_assets <= -0.0011,0.2034,0.875,10.492,0.7556,0.1194,"Firm simultaneously satisfies: Attr45=LOW & Attr56=LOW & retained_earnings_to_assets=LOW. Among upgrade-overridden firms meeting this condition, confidence=87.5% (vs 75.6% in safe group). Lift vs baseline = 10.5x."
L2-49,2,Attr41=LOW & Attr58=HIGH,Attr12=LOW & Attr24=LOW,2,Attr41 <= 0.0688 AND Attr58 >= 0.9990,0.3043,0.8747,10.4887,0.7647,0.11,"Firm simultaneously satisfies: Attr41=LOW & Attr58=HIGH. Among upgrade-overridden firms meeting this condition, confidence=87.5% (vs 76.5% in safe group). Lift vs baseline = 10.5x."
L2-50,2,Attr12=LOW & Attr45=LOW,Attr24=LOW,2,Attr12 <= -0.0183 AND Attr45 <= -0.0009,0.396,0.8706,10.4391,0.7575,0.1131,"Firm simultaneously satisfies: Attr12=LOW & Attr45=LOW. Among upgrade-overridden firms meeting this condition, confidence=87.1% (vs 75.7% in safe group). Lift vs baseline = 10.4x."
L2-51,2,Attr24=LOW & Attr56=LOW & retained_earnings_to_assets=LOW,Attr41=LOW,3,Attr24 <= -0.0017 AND Attr56 <= 0.0007 AND retained_earnings_to_assets <= -0.0011,0.2209,0.8705,10.4378,0.7254,0.1451,"Firm simultaneously satisfies: Attr24=LOW & Attr56=LOW & retained_earnings_to_assets=LOW. Among upgrade-overridden firms meeting this condition, confidence=87.0% (vs 72.5% in safe group). Lift vs baseline = 10.4x."
L2-52,2,Attr12=LOW & Attr56=LOW & Attr57=LOW,Attr24=LOW,3,Attr12 <= -0.0183 AND Attr56 <= 0.0007 AND Attr57 <= 0.0042,0.2187,0.8693,10.4236,0.7373,0.132,"Firm simultaneously satisfies: Attr12=LOW & Attr56=LOW & Attr57=LOW. Among upgrade-overridden firms meeting this condition, confidence=86.9% (vs 73.7% in safe group). Lift vs baseline = 10.4x."
L2-53,2,Attr45=LOW & Attr56=LOW & Attr57=LOW,Attr24=LOW,3,Attr45 <= -0.0009 AND Attr56 <= 0.0007 AND Attr57 <= 0.0042,0.2011,0.868,10.4079,0.7239,0.1441,"Firm simultaneously satisfies: Attr45=LOW & Attr56=LOW & Attr57=LOW. Among upgrade-overridden firms meeting this condition, confidence=86.8% (vs 72.4% in safe group). Lift vs baseline = 10.4x."
L2-54,2,Attr41=LOW & Attr56=LOW,Attr24=LOW,2,Attr41 <= 0.0688 AND Attr56 <= 0.0007,0.3028,0.8665,10.3903,0.7484,0.1181,"Firm simultaneously satisfies: Attr41=LOW & Attr56=LOW. Among upgrade-overridden firms meeting this condition, confidence=86.7% (vs 74.8% in safe group). Lift vs baseline = 10.4x."
L2-55,2,Attr12=LOW,Attr24=LOW,1,Attr12 <= -0.0183,0.4411,0.8664,10.3884,0.7579,0.1085,"Firm simultaneously satisfies: Attr12=LOW. Among upgrade-overridden firms meeting this condition, confidence=86.6% (vs 75.8% in safe group). Lift vs baseline = 10.4x."
L2-56,2,Attr24=LOW & Attr45=LOW & Attr56=LOW,Attr41=LOW,3,Attr24 <= -0.0017 AND Attr45 <= -0.0009 AND Attr56 <= 0.0007,0.2653,0.8632,10.3503,0.7554,0.1078,"Firm simultaneously satisfies: Attr24=LOW & Attr45=LOW & Attr56=LOW. Among upgrade-overridden firms meeting this condition, confidence=86.3% (vs 75.5% in safe group). Lift vs baseline = 10.4x."
L2-57,2,Attr12=LOW & Attr57=LOW & Attr58=HIGH,Attr24=LOW,3,Attr12 <= -0.0183 AND Attr57 <= 0.0042 AND Attr58 >= 0.9990,0.2255,0.8626,10.343,0.7254,0.1371,"Firm simultaneously satisfies: Attr12=LOW & Attr57=LOW & Attr58=HIGH. Among upgrade-overridden firms meeting this condition, confidence=86.3% (vs 72.5% in safe group). Lift vs baseline = 10.3x."
L2-58,2,Attr45=LOW & Attr57=LOW & Attr58=HIGH,Attr24=LOW,3,Attr45 <= -0.0009 AND Attr57 <= 0.0042 AND Attr58 >= 0.9990,0.2041,0.8613,10.3276,0.7048,0.1565,"Firm simultaneously satisfies: Attr45=LOW & Attr57=LOW & Attr58=HIGH. Among upgrade-overridden firms meeting this condition, confidence=86.1% (vs 70.5% in safe group). Lift vs baseline = 10.3x."
L2-59,2,Attr24=LOW & Attr56=LOW,Attr41=LOW,2,Attr24 <= -0.0017 AND Attr56 <= 0.0007,0.3028,0.859,10.3001,0.7183,0.1407,"Firm simultaneously satisfies: Attr24=LOW & Attr56=LOW. Among upgrade-overridden firms meeting this condition, confidence=85.9% (vs 71.8% in safe group). Lift vs baseline = 10.3x."
L2-60,2,Attr12=LOW & Attr21=LOW,Attr41=LOW,2,Attr12 <= -0.0183 AND Attr21 <= 0.9610,0.2018,0.8571,10.2779,0.646,0.2111,"Firm simultaneously satisfies: Attr12=LOW & Attr21=LOW. Among upgrade-overridden firms meeting this condition, confidence=85.7% (vs 64.6% in safe group). Lift vs baseline = 10.3x."
L2-61,2,Attr12=LOW & Attr24=LOW & Attr30=HIGH,Attr41=LOW,3,Attr12 <= -0.0183 AND Attr24 <= -0.0017 AND Attr30 >= 0.4222,0.2194,0.8567,10.2727,0.6318,0.2249,"Firm simultaneously satisfies: Attr12=LOW & Attr24=LOW & Attr30=HIGH. Among upgrade-overridden firms meeting this condition, confidence=85.7% (vs 63.2% in safe group). Lift vs baseline = 10.3x."
L2-62,2,Attr30=HIGH & Attr58=HIGH,Attr12=LOW & Attr24=LOW,2,Attr30 >= 0.4222 AND Attr58 >= 0.9990,0.2064,0.8544,10.2453,0.7287,0.1258,"Firm simultaneously satisfies: Attr30=HIGH & Attr58=HIGH. Among upgrade-overridden firms meeting this condition, confidence=85.4% (vs 72.9% in safe group). Lift vs baseline = 10.2x."
L2-63,2,Attr45=LOW,Attr24=LOW,1,Attr45 <= -0.0009,0.4014,0.8523,10.2195,0.7294,0.1229,"Firm simultaneously satisfies: Attr45=LOW. Among upgrade-overridden firms meeting this condition, confidence=85.2% (vs 72.9% in safe group). Lift vs baseline = 10.2x."
L2-64,2,Attr12=LOW & Attr25=LOW,Attr41=LOW,2,Attr12 <= -0.0183 AND Attr25 <= 0.0905,0.2584,0.8492,10.1832,0.6441,0.2051,"Firm simultaneously satisfies: Attr12=LOW & Attr25=LOW. Among upgrade-overridden firms meeting this condition, confidence=84.9% (vs 64.4% in safe group). Lift vs baseline = 10.2x."
L2-65,2,Attr12=LOW & Attr24=LOW & Attr25=LOW,Attr41=LOW,3,Attr12 <= -0.0183 AND Attr24 <= -0.0017 AND Attr25 <= 0.0905,0.2324,0.8492,10.1822,0.6673,0.1818,"Firm simultaneously satisfies: Attr12=LOW & Attr24=LOW & Attr25=LOW. Among upgrade-overridden firms meeting this condition, confidence=84.9% (vs 66.7% in safe group). Lift vs baseline = 10.2x."
L2-66,2,Attr12=LOW & Attr24=LOW & cash_to_current_liabilities=LOW,Attr41=LOW,3,Attr12 <= -0.0183 AND Attr24 <= -0.0017 AND cash_to_current_liabilities <= -59.6780,0.2049,0.8481,10.1694,0.6344,0.2137,"Firm simultaneously satisfies: Attr12=LOW & Attr24=LOW & cash_to_current_liabilities=LOW. Among upgrade-overridden firms meeting this condition, confidence=84.8% (vs 63.4% in safe group). Lift vs baseline = 10.2x."
L2-67,2,Attr55=LOW & Attr56=LOW,Attr12=LOW & Attr24=LOW,2,Attr55 <= -66.5770 AND Attr56 <= 0.0007,0.2072,0.8469,10.1547,0.7024,0.1444,"Firm simultaneously satisfies: Attr55=LOW & Attr56=LOW. Among upgrade-overridden firms meeting this condition, confidence=84.7% (vs 70.2% in safe group). Lift vs baseline = 10.2x."
L2-68,2,Attr56=LOW,Attr12=LOW,1,Attr56 <= 0.0007,0.38,0.8452,10.1351,0.731,0.1142,"Firm simultaneously satisfies: Attr56=LOW. Among upgrade-overridden firms meeting this condition, confidence=84.5% (vs 73.1% in safe group). Lift vs baseline = 10.1x."
L2-69,2,Attr12=LOW & Attr24=LOW,Attr41=LOW,2,Attr12 <= -0.0183 AND Attr24 <= -0.0017,0.3723,0.844,10.1205,0.6451,0.1989,"Firm simultaneously satisfies: Attr12=LOW & Attr24=LOW. Among upgrade-overridden firms meeting this condition, confidence=84.4% (vs 64.5% in safe group). Lift vs baseline = 10.1x."
L2-70,2,Attr12=LOW & Attr25=LOW & Attr45=LOW,Attr41=LOW,3,Attr12 <= -0.0183 AND Attr25 <= 0.0905 AND Attr45 <= -0.0009,0.2225,0.8435,10.114,0.6285,0.215,"Firm simultaneously satisfies: Attr12=LOW & Attr25=LOW & Attr45=LOW. Among upgrade-overridden firms meeting this condition, confidence=84.3% (vs 62.9% in safe group). Lift vs baseline = 10.1x."
L2-71,2,Attr12=LOW & retained_earnings_to_assets=LOW,Attr41=LOW,2,Attr12 <= -0.0183 AND retained_earnings_to_assets <= -0.0011,0.2676,0.8434,10.1127,0.6449,0.1984,"Firm simultaneously satisfies: Attr12=LOW & retained_earnings_to_assets=LOW. Among upgrade-overridden firms meeting this condition, confidence=84.3% (vs 64.5% in safe group). Lift vs baseline = 10.1x."
L2-72,2,Attr56=LOW & Attr58=HIGH,Attr24=LOW,2,Attr56 <= 0.0007 AND Attr58 >= 0.9990,0.3272,0.8425,10.1025,0.7071,0.1354,"Firm simultaneously satisfies: Attr56=LOW & Attr58=HIGH. Among upgrade-overridden firms meeting this condition, confidence=84.3% (vs 70.7% in safe group). Lift vs baseline = 10.1x."
L2-73,2,Attr12=LOW & Attr30=HIGH & Attr45=LOW,Attr41=LOW,3,Attr12 <= -0.0183 AND Attr30 >= 0.4222 AND Attr45 <= -0.0009,0.2194,0.8416,10.092,0.5775,0.2642,"Firm simultaneously satisfies: Attr12=LOW & Attr30=HIGH & Attr45=LOW. Among upgrade-overridden firms meeting this condition, confidence=84.2% (vs 57.7% in safe group). Lift vs baseline = 10.1x."
L2-74,2,Attr12=LOW & Attr45=LOW & retained_earnings_to_assets=LOW,Attr41=LOW,3,Attr12 <= -0.0183 AND Attr45 <= -0.0009 AND retained_earnings_to_assets <= -0.0011,0.2385,0.841,10.0839,0.6308,0.2101,"Firm simultaneously satisfies: Attr12=LOW & Attr45=LOW & retained_earnings_to_assets=LOW. Among upgrade-overridden firms meeting this condition, confidence=84.1% (vs 63.1% in safe group). Lift vs baseline = 10.1x."
L2-75,2,Attr12=LOW & Attr30=HIGH,Attr41=LOW,2,Attr12 <= -0.0183 AND Attr30 >= 0.4222,0.2416,0.8404,10.0774,0.5906,0.2498,"Firm simultaneously satisfies: Attr12=LOW & Attr30=HIGH. Among upgrade-overridden firms meeting this condition, confidence=84.0% (vs 59.1% in safe group). Lift vs baseline = 10.1x."
L2-76,2,Attr12=LOW & Attr24=LOW & Attr45=LOW,Attr41=LOW,3,Attr12 <= -0.0183 AND Attr24 <= -0.0017 AND Attr45 <= -0.0009,0.3326,0.8398,10.0695,0.6322,0.2075,"Firm simultaneously satisfies: Attr12=LOW & Attr24=LOW & Attr45=LOW. Among upgrade-overridden firms meeting this condition, confidence=84.0% (vs 63.2% in safe group). Lift vs baseline = 10.1x."
L2-77,2,Attr12=LOW & Attr24=LOW & working_capital_to_assets=LOW,Attr41=LOW,3,Attr12 <= -0.0183 AND Attr24 <= -0.0017 AND working_capital_to_assets <= -0.0233,0.2232,0.8391,10.0613,0.646,0.1931,"Firm simultaneously satisfies: Attr12=LOW & Attr24=LOW & working_capital_to_assets=LOW. Among upgrade-overridden firms meeting this condition, confidence=83.9% (vs 64.6% in safe group). Lift vs baseline = 10.1x."
L2-78,2,Attr12=LOW & Attr45=LOW & cash_to_current_liabilities=LOW,Attr41=LOW,3,Attr12 <= -0.0183 AND Attr45 <= -0.0009 AND cash_to_current_liabilities <= -59.6780,0.2102,0.8384,10.0533,0.5837,0.2547,"Firm simultaneously satisfies: Attr12=LOW & Attr45=LOW & cash_to_current_liabilities=LOW. Among upgrade-overridden firms meeting this condition, confidence=83.8% (vs 58.4% in safe group). Lift vs baseline = 10.1x."
L2-79,2,Attr12=LOW & cash_to_current_liabilities=LOW,Attr41=LOW,2,Attr12 <= -0.0183 AND cash_to_current_liabilities <= -59.6780,0.2255,0.8381,10.0491,0.5935,0.2446,"Firm simultaneously satisfies: Attr12=LOW & cash_to_current_liabilities=LOW. Among upgrade-overridden firms meeting this condition, confidence=83.8% (vs 59.3% in safe group). Lift vs baseline = 10.0x."
L2-80,2,Attr12=LOW & Attr24=LOW & retained_earnings_to_assets=LOW,Attr41=LOW,3,Attr12 <= -0.0183 AND Attr24 <= -0.0017 AND retained_earnings_to_assets <= -0.0011,0.2492,0.838,10.0489,0.6528,0.1853,"Firm simultaneously satisfies: Attr12=LOW & Attr24=LOW & retained_earnings_to_assets=LOW. Among upgrade-overridden firms meeting this condition, confidence=83.8% (vs 65.3% in safe group). Lift vs baseline = 10.0x."
L2-81,2,Attr12=LOW & Attr45=LOW & Attr57=LOW,Attr24=LOW,3,Attr12 <= -0.0183 AND Attr45 <= -0.0009 AND Attr57 <= 0.0042,0.2737,0.8364,10.0297,0.7116,0.1249,"Firm simultaneously satisfies: Attr12=LOW & Attr45=LOW & Attr57=LOW. Among upgrade-overridden firms meeting this condition, confidence=83.6% (vs 71.2% in safe group). Lift vs baseline = 10.0x."
L2-82,2,Attr56=LOW & Attr57=LOW & Attr58=HIGH,Attr24=LOW,3,Attr56 <= 0.0007 AND Attr57 <= 0.0042 AND Attr58 >= 0.9990,0.2095,0.8354,10.0167,0.7097,0.1257,"Firm simultaneously satisfies: Attr56=LOW & Attr57=LOW & Attr58=HIGH. Among upgrade-overridden firms meeting this condition, confidence=83.5% (vs 71.0% in safe group). Lift vs baseline = 10.0x."
L2-83,2,Attr56=LOW & retained_earnings_to_assets=LOW,Attr41=LOW,2,Attr56 <= 0.0007 AND retained_earnings_to_assets <= -0.0011,0.2355,0.8347,10.0086,0.6954,0.1393,"Firm simultaneously satisfies: Attr56=LOW & retained_earnings_to_assets=LOW. Among upgrade-overridden firms meeting this condition, confidence=83.5% (vs 69.5% in safe group). Lift vs baseline = 10.0x."
L2-84,2,Attr56=LOW & working_capital_to_assets=LOW,Attr12=LOW & Attr24=LOW,2,Attr56 <= 0.0007 AND working_capital_to_assets <= -0.0233,0.2118,0.8343,10.0044,0.7077,0.1267,"Firm simultaneously satisfies: Attr56=LOW & working_capital_to_assets=LOW. Among upgrade-overridden firms meeting this condition, confidence=83.4% (vs 70.8% in safe group). Lift vs baseline = 10.0x."
L2-85,2,Attr24=LOW & Attr25=LOW & Attr45=LOW,Attr41=LOW,3,Attr24 <= -0.0017 AND Attr25 <= 0.0905 AND Attr45 <= -0.0009,0.2018,0.8328,9.9861,0.6313,0.2016,"Firm simultaneously satisfies: Attr24=LOW & Attr25=LOW & Attr45=LOW. Among upgrade-overridden firms meeting this condition, confidence=83.3% (vs 63.1% in safe group). Lift vs baseline = 10.0x."
L2-86,2,Attr24=LOW & Attr45=LOW,Attr41=LOW,2,Attr24 <= -0.0017 AND Attr45 <= -0.0009,0.3333,0.8305,9.9581,0.6109,0.2195,"Firm simultaneously satisfies: Attr24=LOW & Attr45=LOW. Among upgrade-overridden firms meeting this condition, confidence=83.0% (vs 61.1% in safe group). Lift vs baseline = 10.0x."
L2-87,2,Attr12=LOW & Attr57=LOW,Attr24=LOW,2,Attr12 <= -0.0183 AND Attr57 <= 0.0042,0.2989,0.8301,9.9542,0.712,0.1181,"Firm simultaneously satisfies: Attr12=LOW & Attr57=LOW. Among upgrade-overridden firms meeting this condition, confidence=83.0% (vs 71.2% in safe group). Lift vs baseline = 10.0x."
L2-88,2,Attr12=LOW & working_capital_to_assets=LOW,Attr41=LOW,2,Attr12 <= -0.0183 AND working_capital_to_assets <= -0.0233,0.2416,0.8294,9.9451,0.6038,0.2256,"Firm simultaneously satisfies: Attr12=LOW & working_capital_to_assets=LOW. Among upgrade-overridden firms meeting this condition, confidence=82.9% (vs 60.4% in safe group). Lift vs baseline = 9.9x."
L2-89,2,Attr41=LOW,Attr12=LOW,1,Attr41 <= 0.0688,0.4266,0.8267,9.9124,0.6105,0.2161,"Firm simultaneously satisfies: Attr41=LOW. Among upgrade-overridden firms meeting this condition, confidence=82.7% (vs 61.1% in safe group). Lift vs baseline = 9.9x."
L2-90,2,Attr24=LOW & Attr45=LOW & working_capital_to_assets=LOW,Attr41=LOW,3,Attr24 <= -0.0017 AND Attr45 <= -0.0009 AND working_capital_to_assets <= -0.0233,0.2041,0.8266,9.9119,0.6125,0.2141,"Firm simultaneously satisfies: Attr24=LOW & Attr45=LOW & working_capital_to_assets=LOW. Among upgrade-overridden firms meeting this condition, confidence=82.7% (vs 61.3% in safe group). Lift vs baseline = 9.9x."
L2-91,2,Attr12=LOW & Attr24=LOW & Attr55=LOW,Attr41=LOW,3,Attr12 <= -0.0183 AND Attr24 <= -0.0017 AND Attr55 <= -66.5770,0.2148,0.8265,9.9101,0.6283,0.1982,"Firm simultaneously satisfies: Attr12=LOW & Attr24=LOW & Attr55=LOW. Among upgrade-overridden firms meeting this condition, confidence=82.6% (vs 62.8% in safe group). Lift vs baseline = 9.9x."
L2-92,2,Attr12=LOW & Attr55=LOW & working_capital_to_assets=LOW,Attr41=LOW,3,Attr12 <= -0.0183 AND Attr55 <= -66.5770 AND working_capital_to_assets <= -0.0233,0.2271,0.825,9.8924,0.5895,0.2355,"Firm simultaneously satisfies: Attr12=LOW & Attr55=LOW & working_capital_to_assets=LOW. Among upgrade-overridden firms meeting this condition, confidence=82.5% (vs 59.0% in safe group). Lift vs baseline = 9.9x."
L2-93,2,Attr41=LOW & Attr57=LOW,Attr24=LOW,2,Attr41 <= 0.0688 AND Attr57 <= 0.0042,0.2485,0.8249,9.8909,0.72,0.1049,"Firm simultaneously satisfies: Attr41=LOW & Attr57=LOW. Among upgrade-overridden firms meeting this condition, confidence=82.5% (vs 72.0% in safe group). Lift vs baseline = 9.9x."
L2-94,2,Attr24=LOW & Attr45=LOW & retained_earnings_to_assets=LOW,Attr41=LOW,3,Attr24 <= -0.0017 AND Attr45 <= -0.0009 AND retained_earnings_to_assets <= -0.0011,0.2232,0.8249,9.8907,0.6162,0.2086,"Firm simultaneously satisfies: Attr24=LOW & Attr45=LOW & retained_earnings_to_assets=LOW. Among upgrade-overridden firms meeting this condition, confidence=82.5% (vs 61.6% in safe group). Lift vs baseline = 9.9x."
L2-95,2,Attr12=LOW & Attr45=LOW & working_capital_to_assets=LOW,Attr41=LOW,3,Attr12 <= -0.0183 AND Attr45 <= -0.0009 AND working_capital_to_assets <= -0.0233,0.2194,0.8247,9.889,0.5922,0.2325,"Firm simultaneously satisfies: Attr12=LOW & Attr45=LOW & working_capital_to_assets=LOW. Among upgrade-overridden firms meeting this condition, confidence=82.5% (vs 59.2% in safe group). Lift vs baseline = 9.9x."
L2-96,2,Attr25=LOW & Attr56=LOW,Attr12=LOW & Attr24=LOW,2,Attr25 <= 0.0905 AND Attr56 <= 0.0007,0.2141,0.8235,9.8748,0.7209,0.1026,"Firm simultaneously satisfies: Attr25=LOW & Attr56=LOW. Among upgrade-overridden firms meeting this condition, confidence=82.4% (vs 72.1% in safe group). Lift vs baseline = 9.9x."
L2-97,2,Attr57=LOW & Attr58=HIGH,Attr24=LOW,2,Attr57 <= 0.0042 AND Attr58 >= 0.9990,0.2271,0.8204,9.8378,0.6858,0.1347,"Firm simultaneously satisfies: Attr57=LOW & Attr58=HIGH. Among upgrade-overridden firms meeting this condition, confidence=82.0% (vs 68.6% in safe group). Lift vs baseline = 9.8x."
L2-98,2,Attr12=LOW & Attr55=LOW,Attr41=LOW,2,Attr12 <= -0.0183 AND Attr55 <= -66.5770,0.2324,0.8194,9.8254,0.5852,0.2342,"Firm simultaneously satisfies: Attr12=LOW & Attr55=LOW. Among upgrade-overridden firms meeting this condition, confidence=81.9% (vs 58.5% in safe group). Lift vs baseline = 9.8x."
L2-99,2,Attr45=LOW & retained_earnings_to_assets=LOW,Attr41=LOW,2,Attr45 <= -0.0009 AND retained_earnings_to_assets <= -0.0011,0.2393,0.8194,9.8249,0.6008,0.2186,"Firm simultaneously satisfies: Attr45=LOW & retained_earnings_to_assets=LOW. Among upgrade-overridden firms meeting this condition, confidence=81.9% (vs 60.1% in safe group). Lift vs baseline = 9.8x."
L2-100,2,Attr12=LOW & Attr24=LOW & Attr57=LOW,Attr41=LOW,3,Attr12 <= -0.0183 AND Attr24 <= -0.0017 AND Attr57 <= 0.0042,0.2446,0.8184,9.8135,0.6127,0.2057,"Firm simultaneously satisfies: Attr12=LOW & Attr24=LOW & Attr57=LOW. Among upgrade-overridden firms meeting this condition, confidence=81.8% (vs 61.3% in safe group). Lift vs baseline = 9.8x."
L2-101,2,Attr25=LOW & Attr45=LOW,Attr41=LOW,2,Attr25 <= 0.0905 AND Attr45 <= -0.0009,0.2225,0.8174,9.8015,0.5966,0.2208,"Firm simultaneously satisfies: Attr25=LOW & Attr45=LOW. Among upgrade-overridden firms meeting this condition, confidence=81.7% (vs 59.7% in safe group). Lift vs baseline = 9.8x."
L2-102,2,Attr12=LOW & Attr45=LOW & Attr55=LOW,Attr41=LOW,3,Attr12 <= -0.0183 AND Attr45 <= -0.0009 AND Attr55 <= -66.5770,0.2133,0.8158,9.782,0.5762,0.2396,"Firm simultaneously satisfies: Attr12=LOW & Attr45=LOW & Attr55=LOW. Among upgrade-overridden firms meeting this condition, confidence=81.6% (vs 57.6% in safe group). Lift vs baseline = 9.8x."
L2-103,2,Attr30=HIGH & Attr56=LOW,Attr12=LOW & Attr24=LOW,2,Attr30 >= 0.4222 AND Attr56 <= 0.0007,0.2049,0.8146,9.7676,0.6855,0.1291,"Firm simultaneously satisfies: Attr30=HIGH & Attr56=LOW. Among upgrade-overridden firms meeting this condition, confidence=81.5% (vs 68.6% in safe group). Lift vs baseline = 9.8x."
L2-104,2,Attr45=LOW & Attr57=LOW,Attr24=LOW,2,Attr45 <= -0.0009 AND Attr57 <= 0.0042,0.2791,0.8129,9.7476,0.6803,0.1326,"Firm simultaneously satisfies: Attr45=LOW & Attr57=LOW. Among upgrade-overridden firms meeting this condition, confidence=81.3% (vs 68.0% in safe group). Lift vs baseline = 9.7x."
L2-105,2,Attr56=LOW & Attr57=LOW,Attr24=LOW,2,Attr56 <= 0.0007 AND Attr57 <= 0.0042,0.2232,0.8111,9.7259,0.6949,0.1162,"Firm simultaneously satisfies: Attr56=LOW & Attr57=LOW. Among upgrade-overridden firms meeting this condition, confidence=81.1% (vs 69.5% in safe group). Lift vs baseline = 9.7x."
L2-106,2,Attr45=LOW & Attr55=LOW & working_capital_to_assets=LOW,Attr41=LOW,3,Attr45 <= -0.0009 AND Attr55 <= -66.5770 AND working_capital_to_assets <= -0.0233,0.208,0.8095,9.7069,0.5473,0.2622,"Firm simultaneously satisfies: Attr45=LOW & Attr55=LOW & working_capital_to_assets=LOW. Among upgrade-overridden firms meeting this condition, confidence=81.0% (vs 54.7% in safe group). Lift vs baseline = 9.7x."
L2-107,2,Attr24=LOW & Attr45=LOW & Attr57=LOW,Attr41=LOW,3,Attr24 <= -0.0017 AND Attr45 <= -0.0009 AND Attr57 <= 0.0042,0.2232,0.8,9.5927,0.5777,0.2223,"Firm simultaneously satisfies: Attr24=LOW & Attr45=LOW & Attr57=LOW. Among upgrade-overridden firms meeting this condition, confidence=80.0% (vs 57.8% in safe group). Lift vs baseline = 9.6x."
L2-108,2,Attr29=LOW & Attr41=LOW,Attr12=LOW,2,Attr29 <= 3.5504 AND Attr41 <= 0.0688,0.2011,0.7946,9.5275,0.6337,0.1609,"Firm simultaneously satisfies: Attr29=LOW & Attr41=LOW. Among upgrade-overridden firms meeting this condition, confidence=79.5% (vs 63.4% in safe group). Lift vs baseline = 9.5x."
L2-109,2,Attr24=LOW & Attr57=LOW,Attr41=LOW,2,Attr24 <= -0.0017 AND Attr57 <= 0.0042,0.2485,0.7908,9.4818,0.5495,0.2413,"Firm simultaneously satisfies: Attr24=LOW & Attr57=LOW. Among upgrade-overridden firms meeting this condition, confidence=79.1% (vs 54.9% in safe group). Lift vs baseline = 9.5x."
L2-110,2,Attr30=HIGH & retained_earnings_to_assets=LOW,Attr12=LOW,2,Attr30 >= 0.4222 AND retained_earnings_to_assets <= -0.0011,0.2057,0.7843,9.4039,0.6447,0.1395,"Firm simultaneously satisfies: Attr30=HIGH & retained_earnings_to_assets=LOW. Among upgrade-overridden firms meeting this condition, confidence=78.4% (vs 64.5% in safe group). Lift vs baseline = 9.4x."
L2-111,2,Attr55=LOW & retained_earnings_to_assets=LOW,Attr12=LOW,2,Attr55 <= -66.5770 AND retained_earnings_to_assets <= -0.0011,0.2057,0.7664,9.1896,0.6467,0.1197,"Firm simultaneously satisfies: Attr55=LOW & retained_earnings_to_assets=LOW. Among upgrade-overridden firms meeting this condition, confidence=76.6% (vs 64.7% in safe group). Lift vs baseline = 9.2x."
L2-112,2,Attr55=LOW & retained_earnings_to_assets=LOW & working_capital_to_assets=LOW,Attr12=LOW,3,Attr55 <= -66.5770 AND retained_earnings_to_assets <= -0.0011 AND working_capital_to_assets <= -0.0233,0.2003,0.7661,9.186,0.6486,0.1175,"Firm simultaneously satisfies: Attr55=LOW & retained_earnings_to_assets=LOW & working_capital_to_assets=LOW. Among upgrade-overridden firms meeting this condition, confidence=76.6% (vs 64.9% in safe group). Lift vs baseline = 9.2x."
L2-113,2,retained_earnings_to_assets=LOW & working_capital_to_assets=LOW,Attr12=LOW,2,retained_earnings_to_assets <= -0.0011 AND working_capital_to_assets <= -0.0233,0.208,0.7598,9.1103,0.6415,0.1183,"Firm simultaneously satisfies: retained_earnings_to_assets=LOW & working_capital_to_assets=LOW. Among upgrade-overridden firms meeting this condition, confidence=76.0% (vs 64.1% in safe group). Lift vs baseline = 9.1x."
L2-114,2,Attr30=HIGH & working_capital_to_assets=LOW,Attr25=LOW,2,Attr30 >= 0.4222 AND working_capital_to_assets <= -0.0233,0.2209,0.7526,9.0243,0.6495,0.1031,"Firm simultaneously satisfies: Attr30=HIGH & working_capital_to_assets=LOW. Among upgrade-overridden firms meeting this condition, confidence=75.3% (vs 65.0% in safe group). Lift vs baseline = 9.0x."
L2-115,2,Attr30=HIGH & cash_to_current_liabilities=LOW & working_capital_to_assets=LOW,Attr25=LOW,3,Attr30 >= 0.4222 AND cash_to_current_liabilities <= -59.6780 AND working_capital_to_assets <= -0.0233,0.2041,0.7521,9.0185,0.6516,0.1006,"Firm simultaneously satisfies: Attr30=HIGH & cash_to_current_liabilities=LOW & working_capital_to_assets=LOW. Among upgrade-overridden firms meeting this condition, confidence=75.2% (vs 65.2% in safe group). Lift vs baseline = 9.0x."
